fake_share_hhi_t,fake_top1_share_ratio_t,global_disagreement,label,mean_fake_event_exposure_ratio,mean_fake_event_misbelief_ratio_among_exposed,platform_trust_mean,polarization_abs_mean,polarization_variance,run_id,timestep,total_likes,total_rewrite_shares,total_shares,users_believing_any_fake_ratio_among_exposed,users_exposed_to_any_fake_ratio
1.0,1.0,0.007829776025132277,hard_on,0.16666666666666666,0.2196969696969697,0.4558293611066808,0.03810000000000001,0.011270412222222173,exp_20260321_162441_exp_rq3_hard,0,88.0,7.0,49.0,0.5918367346938775,0.49
1.0,1.0,0.016088015476190484,hard_on,0.2733333333333334,0.32572298325722987,0.5106097495207108,0.07203333333333334,0.02721037666666674,exp_20260321_162441_exp_rq3_hard,1,227.0,19.0,148.0,0.6075949367088608,0.79
0.9789497510185605,0.9893617021276596,0.022196014814814816,hard_on,0.32666666666666666,0.3563218390804597,0.591019749520711,0.0957,0.03675651000000005,exp_20260321_162441_exp_rq3_hard,2,405.0,43.0,294.0,0.7065217391304348,0.92
0.9294214876033058,0.9636363636363636,0.02791322876984127,hard_on,0.3766666666666667,0.44176029962546814,0.669934976426596,0.10626666666666665,0.039562960000000154,exp_20260321_162441_exp_rq3_hard,3,586.0,67.0,466.0,0.7553191489361702,0.94
0.9162192816635161,0.9565217391304348,0.031599544080687825,hard_on,0.4166666666666667,0.4980102996254681,0.7431922261651367,0.1156,0.04170535999999991,exp_20260321_162441_exp_rq3_hard,4,769.0,98.0,651.0,0.7978723404255319,0.94
0.9007134363852557,0.9482758620689655,0.03173987417328042,hard_on,0.4633333333333333,0.55366506153023,0.8051686990022333,0.12326666666666668,0.04316578222222229,exp_20260321_162441_exp_rq3_hard,5,956.0,132.0,834.0,0.8421052631578947,0.95
0.8713013501867279,0.9322033898305084,0.030256269452711638,hard_on,0.4766666666666666,0.5446111768184506,0.8510459691982291,0.12493333333333334,0.04373816000000003,exp_20260321_162441_exp_rq3_hard,6,1145.0,172.0,1017.0,0.8526315789473684,0.95
0.8713013501867279,0.9322033898305084,0.029916194905423275,hard_on,0.48,0.5556405885831565,0.8795689391479578,0.12593333333333334,0.04407618222222224,exp_20260321_162441_exp_rq3_hard,7,1343.0,211.0,1219.0,0.8526315789473684,0.95
0.8713013501867279,0.9322033898305084,0.02887281420395833,hard_on,0.48,0.5556405885831565,0.9052212912715456,0.12593333333333334,0.04407618222222224,exp_20260321_162441_exp_rq3_hard,8,1538.0,261.0,1414.0,0.8526315789473684,0.95
0.8713013501867279,0.9322033898305084,0.029556071390135576,hard_on,0.48,0.5556405885831565,0.9216290856404384,0.12593333333333334,0.04407618222222224,exp_20260321_162441_exp_rq3_hard,9,1743.0,316.0,1602.0,0.8526315789473684,0.95
1.0,1.0,0.007909047817460319,hard_off,0.16666666666666666,0.24242424242424243,0.42882936110668074,0.036566666666666664,0.010980812222222223,exp_20260321_165524_exp_rq3_hard,0,90.0,12.0,56.0,0.6530612244897959,0.49
0.9655278547245305,0.9824561403508771,0.019227519047619043,hard_off,0.26333333333333336,0.357487922705314,0.42882936110668074,0.0724,0.030050528888888706,exp_20260321_165524_exp_rq3_hard,1,233.0,27.0,155.0,0.6753246753246753,0.77
0.8742583007196061,0.9325842696629213,0.026339860284391534,hard_off,0.33,0.4690763052208835,0.42882936110668074,0.09399999999999996,0.03739099999999988,exp_20260321_165524_exp_rq3_hard,2,413.0,51.0,319.0,0.7391304347826086,0.92
0.7774471250929961,0.8762886597938144,0.03297694527116402,hard_off,0.37333333333333335,0.5819721718088324,0.42882936110668074,0.1023333333333333,0.039196222222222146,exp_20260321_165524_exp_rq3_hard,3,598.0,79.0,487.0,0.7741935483870968,0.93
0.7372806587589452,0.8514851485148515,0.03456108237433863,hard_off,0.4266666666666667,0.6724386724386725,0.42882936110668074,0.11266666666666664,0.040544555555555487,exp_20260321_165524_exp_rq3_hard,4,786.0,111.0,669.0,0.7978723404255319,0.94
0.7130738052596851,0.8349514563106796,0.03235501732804232,hard_off,0.49,0.6688811188811189,0.42882936110668074,0.12283333333333339,0.04209030555555557,exp_20260321_165524_exp_rq3_hard,5,967.0,150.0,860.0,0.84375,0.96
0.7017381656804733,0.8269230769230769,0.03050908679100529,hard_off,0.51,0.6476391825229034,0.42882936110668074,0.12650000000000003,0.04318830555555559,exp_20260321_165524_exp_rq3_hard,6,1156.0,193.0,1049.0,0.84375,0.96
0.7017381656804733,0.8269230769230769,0.033216544675264546,hard_off,0.51,0.6398872445384073,0.42882936110668074,0.12583333333333335,0.04314097222222229,exp_20260321_165524_exp_rq3_hard,7,1348.0,235.0,1251.0,0.84375,0.96
0.7017381656804733,0.8269230769230769,0.036810864882605814,hard_off,0.51,0.6398872445384073,0.42882936110668074,0.12583333333333335,0.04314097222222229,exp_20260321_165524_exp_rq3_hard,8,1534.0,281.0,1442.0,0.84375,0.96
0.7017381656804733,0.8269230769230769,0.03279816316633598,hard_off,0.51,0.6398872445384073,0.42882936110668074,0.12583333333333335,0.04314097222222229,exp_20260321_165524_exp_rq3_hard,9,1733.0,324.0,1637.0,0.84375,0.96
1.0,1.0,0.008569931081649832,soft_on,0.11,0.3229166666666667,0.4915293611066811,0.027333333333333338,0.008773999999999973,exp_20260321_173127_exp_rq3_soft,0,132.0,13.0,82.0,0.9393939393939394,0.33
1.0,1.0,0.01468907971657972,soft_on,0.18666666666666668,0.3212121212121212,0.5762293611066809,0.05783333333333334,0.021788083333333295,exp_20260321_173127_exp_rq3_soft,1,313.0,44.0,219.0,0.9464285714285714,0.56
1.0,1.0,0.021030243234774492,soft_on,0.21666666666666667,0.3229166666666667,0.6617556554283465,0.0765,0.03160497222222209,exp_20260321_173127_exp_rq3_soft,2,499.0,70.0,372.0,0.9538461538461539,0.65
0.9823022959183674,0.9910714285714286,0.026913785820660823,soft_on,0.24333333333333332,0.608946608946609,0.738342636445444,0.08916666666666667,0.037568083333333516,exp_20260321_173127_exp_rq3_soft,3,687.0,102.0,542.0,0.9558823529411765,0.68
0.9496135552913199,0.9741379310344828,0.025424693231768238,soft_on,0.26333333333333336,0.62893864013267,0.7985030841288085,0.0925,0.03826030555555569,exp_20260321_173127_exp_rq3_soft,4,880.0,139.0,730.0,0.9571428571428572,0.7
0.9335232668566003,0.9658119658119658,0.0218321670435583,soft_on,0.29333333333333333,0.9227420589360888,0.849199829193683,0.09716666666666668,0.038463638888889005,exp_20260321_173127_exp_rq3_soft,5,1073.0,180.0,922.0,0.9444444444444444,0.72
0.9335232668566003,0.9658119658119658,0.022068000796668614,soft_on,0.29333333333333333,0.9227420589360888,0.8887977947388854,0.09716666666666668,0.038463638888889005,exp_20260321_173127_exp_rq3_soft,6,1265.0,215.0,1117.0,0.9444444444444444,0.72
0.9335232668566003,0.9658119658119658,0.021744960044051437,soft_on,0.29333333333333333,0.9227420589360888,0.9142794641660561,0.09716666666666668,0.038463638888889005,exp_20260321_173127_exp_rq3_soft,7,1461.0,256.0,1309.0,0.9444444444444444,0.72
0.9335232668566003,0.9658119658119658,0.020689382962261936,soft_on,0.29333333333333333,0.9227420589360888,0.9378613271041577,0.09716666666666668,0.038463638888889005,exp_20260321_173127_exp_rq3_soft,8,1663.0,307.0,1483.0,0.9444444444444444,0.72
0.9335232668566003,0.9658119658119658,0.022100190463036972,soft_on,0.29333333333333333,0.9227420589360888,0.9486397588653694,0.09716666666666668,0.038463638888889005,exp_20260321_173127_exp_rq3_soft,9,1854.0,345.0,1636.0,0.9444444444444444,0.72
0.9049999999999999,0.95,0.007601886574074074,soft_off,0.12,0.6309523809523809,0.42882936110668074,0.02683333333333334,0.00702497222222226,exp_20260321_181711_exp_rq3_soft,0,113.0,5.0,74.0,0.8,0.35
0.8936718904979171,0.9436619718309859,0.012525081018518519,soft_off,0.24,0.7162373145979704,0.42882936110668074,0.06883333333333332,0.022794972222222175,exp_20260321_181711_exp_rq3_soft,1,276.0,20.0,195.0,0.9076923076923077,0.65
0.9068903124847181,0.951048951048951,0.01743050677910053,soft_off,0.3233333333333333,0.7506024096385543,0.42882936110668074,0.11466666666666671,0.043742888888889,exp_20260321_181711_exp_rq3_soft,2,466.0,50.0,359.0,0.9411764705882353,0.85
0.8853059266180147,0.9396984924623115,0.024339961144179897,soft_off,0.3633333333333333,0.865359477124183,0.42882936110668074,0.14680000000000007,0.06352938222222246,exp_20260321_181711_exp_rq3_soft,3,643.0,74.0,499.0,0.9204545454545454,0.88
0.8375347222222222,0.9125,0.030288911078042328,soft_off,0.4066666666666667,0.8637217339042896,0.42882936110668074,0.17086666666666675,0.07560215999999971,exp_20260321_181711_exp_rq3_soft,4,832.0,101.0,654.0,0.9333333333333333,0.9
0.805256103956646,0.8931297709923665,0.03219296332671958,soft_off,0.46666666666666673,0.84573268921095,0.42882936110668074,0.18353333333333346,0.08019962666666686,exp_20260321_181711_exp_rq3_soft,5,1016.0,131.0,812.0,0.9473684210526315,0.95
0.805256103956646,0.8931297709923665,0.03343397589285715,soft_off,0.46666666666666673,0.84573268921095,0.42882936110668074,0.1842000000000001,0.08059224888888895,exp_20260321_181711_exp_rq3_soft,6,1209.0,164.0,994.0,0.9473684210526315,0.95
0.7997947057207707,0.8897338403041825,0.034028007804232804,soft_off,0.47000000000000003,0.8483781918564527,0.42882936110668074,0.1848666666666668,0.08051731555555577,exp_20260321_181711_exp_rq3_soft,7,1404.0,212.0,1188.0,0.9473684210526315,0.95
0.7997947057207707,0.8897338403041825,0.0335662255760582,soft_off,0.47000000000000003,0.8483781918564527,0.42882936110668074,0.1848666666666668,0.08051731555555577,exp_20260321_181711_exp_rq3_soft,8,1603.0,260.0,1374.0,0.9473684210526315,0.95
0.7997947057207707,0.8897338403041825,0.034047017865410055,soft_off,0.47000000000000003,0.8483781918564527,0.42882936110668074,0.1848666666666668,0.08051731555555577,exp_20260321_181711_exp_rq3_soft,9,1801.0,299.0,1570.0,0.9473684210526315,0.95
0.7923875432525951,0.8823529411764706,0.007600425760582011,loose_on,0.11666666666666668,0.6865079365079364,0.48232936110668084,0.02683333333333334,0.0067116388888889015,exp_20260321_175126_exp_rq3_loose,0,118.0,11.0,74.0,0.8235294117647058,0.34
0.8604485582057673,0.9245283018867925,0.013126645998677246,loose_on,0.21333333333333335,0.7571225071225071,0.566529361106681,0.05633333333333334,0.017840999999999944,exp_20260321_175126_exp_rq3_loose,1,287.0,34.0,203.0,0.8035714285714286,0.56
0.8892733564013842,0.9411764705882353,0.018445862268518517,loose_on,0.26333333333333336,0.7415695415695417,0.6551748569802822,0.06683333333333329,0.020868749999999908,exp_20260321_175126_exp_rq3_loose,2,476.0,67.0,367.0,0.8115942028985508,0.69
0.8936718904979171,0.9436619718309859,0.022181595568783075,loose_on,0.2733333333333334,0.75,0.7418904299393496,0.06916666666666661,0.022028305555555572,exp_20260321_175126_exp_rq3_loose,3,663.0,101.0,544.0,0.8142857142857143,0.7
0.8936718904979171,0.9436619718309859,0.023727095932539684,loose_on,0.27666666666666667,0.7000000000000001,0.8130440063414319,0.06916666666666661,0.022028305555555572,exp_20260321_175126_exp_rq3_loose,4,855.0,140.0,734.0,0.8142857142857143,0.7
0.8936718904979171,0.9436619718309859,0.022825318088624345,loose_on,0.27666666666666667,0.7000000000000001,0.872838955908992,0.06916666666666661,0.022028305555555572,exp_20260321_175126_exp_rq3_loose,5,1051.0,182.0,926.0,0.8142857142857143,0.7
0.8936718904979171,0.9436619718309859,0.02042355069444445,loose_on,0.27666666666666667,0.7000000000000001,0.912391500797513,0.06916666666666661,0.022028305555555572,exp_20260321_175126_exp_rq3_loose,6,1246.0,219.0,1133.0,0.8142857142857143,0.7
0.8936718904979171,0.9436619718309859,0.020221887136243392,loose_on,0.27666666666666667,0.7000000000000001,0.9341476075687936,0.06916666666666661,0.022028305555555572,exp_20260321_175126_exp_rq3_loose,7,1442.0,260.0,1332.0,0.8142857142857143,0.7
0.8936718904979171,0.9436619718309859,0.01863206543022487,loose_on,0.27666666666666667,0.7000000000000001,0.9539526612144519,0.06916666666666661,0.022028305555555572,exp_20260321_175126_exp_rq3_loose,8,1635.0,306.0,1525.0,0.8142857142857143,0.7
0.8936718904979171,0.9436619718309859,0.018238545914021166,loose_on,0.27666666666666667,0.7000000000000001,0.9639164288212351,0.06916666666666661,0.022028305555555572,exp_20260321_175126_exp_rq3_loose,9,1829.0,355.0,1706.0,0.8142857142857143,0.7
0.909297052154195,0.9523809523809523,0.007620185185185184,loose_off,0.11666666666666668,0.6865079365079364,0.42882936110668074,0.026500000000000013,0.00649030555555552,exp_20260321_183118_exp_rq3_loose,0,118.0,14.0,77.0,0.8235294117647058,0.34
0.9299173553719009,0.9636363636363636,0.012539678406084656,loose_off,0.20000000000000004,0.7106837606837607,0.42882936110668074,0.054666666666666676,0.018294888888888784,exp_20260321_183118_exp_rq3_loose,1,286.0,35.0,202.0,0.8363636363636363,0.55
0.9529685005080564,0.9759036144578314,0.016622656250000003,loose_off,0.24333333333333337,0.7247863247863248,0.42882936110668074,0.06766666666666664,0.022163888888888813,exp_20260321_183118_exp_rq3_loose,2,475.0,68.0,380.0,0.8823529411764706,0.68
0.958781163434903,0.9789473684210527,0.02251436011904762,loose_off,0.25333333333333335,0.7435323383084578,0.42882936110668074,0.07163333333333331,0.024505709999999913,exp_20260321_183118_exp_rq3_loose,3,662.0,101.0,555.0,0.8571428571428571,0.7
0.958781163434903,0.9789473684210527,0.02360069150132275,loose_off,0.2566666666666667,0.7601990049751244,0.42882936110668074,0.07196666666666664,0.024497398888888907,exp_20260321_183118_exp_rq3_loose,4,857.0,140.0,751.0,0.8571428571428571,0.7
0.958781163434903,0.9789473684210527,0.022828719378306883,loose_off,0.2566666666666667,0.7601990049751244,0.42882936110668074,0.07196666666666664,0.024497398888888907,exp_20260321_183118_exp_rq3_loose,5,1054.0,176.0,950.0,0.8571428571428571,0.7
0.958781163434903,0.9789473684210527,0.02139024536210318,loose_off,0.2566666666666667,0.7601990049751244,0.42882936110668074,0.07196666666666664,0.024497398888888907,exp_20260321_183118_exp_rq3_loose,6,1246.0,219.0,1147.0,0.8571428571428571,0.7
0.958781163434903,0.9789473684210527,0.02064905069444445,loose_off,0.2566666666666667,0.7601990049751244,0.42882936110668074,0.07196666666666664,0.024497398888888907,exp_20260321_183118_exp_rq3_loose,7,1440.0,266.0,1350.0,0.8571428571428571,0.7
0.958781163434903,0.9789473684210527,0.019106595690476194,loose_off,0.2566666666666667,0.7601990049751244,0.42882936110668074,0.07196666666666664,0.024497398888888907,exp_20260321_183118_exp_rq3_loose,8,1635.0,311.0,1546.0,0.8571428571428571,0.7
0.958781163434903,0.9789473684210527,0.019002347446296305,loose_off,0.2566666666666667,0.7601990049751244,0.42882936110668074,0.07196666666666664,0.024497398888888907,exp_20260321_183118_exp_rq3_loose,9,1839.0,359.0,1736.0,0.8571428571428571,0.7
